title,price,review_counts,published_date,favorites
Apple 에어팟 프로 2세대 (MQD83KH/A),303000,7836,2022.09.,839
Apple 에어팟 3세대 맥세이프 충전 케이스 모델 (MME73KH/A),241710,12178,2021.10.,1512
Apple 에어팟 프로 1세대 2021년형 맥세이프 호환 (MLWK3KH/A),254940,10341,2021.10.,1609
애플 에어팟 프로 2세대 에어팟프로2 국내정품 MQD83KH/A 당일배송,331900,527,2022.10.,438
해외Apple 에어팟 프로 2세대 (MQD83KH/A),205000,688,2022.09.,387
해외Apple 에어팟 3세대,135500,633,2021.12.,949
[국내] Apple 에어팟 프로 정품 2세대 AirPods Pro 2 애플 2022 신제품,331900,73,2022.10.,117
Apple 에어팟 2세대 유선충전 모델 (MV7N2KH/A),171930,22706,2019.04.,1107
Apple 에어팟 3세대 라이트닝 충전 케이스 모델 (MPNY3KH/A),229990,435,2022.10.,103
애플 에어팟 프로 1세대 맥세이프 애플코리아 정품 당일배송 MLWK3KH/A,267900,7047,2020.11.,2764
해외Apple 에어팟 2세대 유선충전 케이스,132000,613,2019.03.,347
Apple 비츠바이닥터드레 스튜디오 버즈,108240,826,2021.07.,224
Apple 에어팟 2세대 유선충전,78500,311,2019.07.,264
Apple 에어팟 프로 1세대 (MWP22KH/A),274890,40612,2019.10.,988
해외Apple 에어팟 프로 MLWK3AM/A,219950,756,2021.11.,549
Apple 에어팟 1세대 (MMEF2KH/A),261300,352,2016.12.,137
에어팟 프로 한쪽 왼쪽 유닛 에어팟 왼쪽 LEFT 이어폰 단품 구매,89900,1533,2022.01.,654
해외Apple 에어팟 2세대 (MV7N2AM/A),89990,124,2022.11.,117
에어팟 프로 본체 충전케이스 에어팟 본체 맥세이프 MagSafe 단품,80000,1501,2022.01.,695
에어팟 프로 한쪽 오른쪽 유닛 에어팟 오른쪽 RIGHT 이어폰 단품 구매,94900,15363,2020.03.,942
Apple 에어팟 2세대 유선충전 모델 (MV7N2KH/A) 국내정품 새상품,159000,9,2023.01.,31
Apple 애플 에어팟 프로 왼쪽 단품 한쪽구매 MLWK3KH/A A2084,86000,4617,2019.12.,242
Apple 비츠바이닥터드레 파워비츠 프로 무선 이어폰,25410,1643,2019.07.,275
Apple 에어팟 2세대 무선충전 모델 (MRXJ2KH/A),226000,5155,2019.04.,451
Apple 에어팟 프로 2019년형 (MWP22KH/A)모노,81510,266,2020.01.,42
Apple 비츠바이닥터드레 핏 프로 Fit Pro,190000,179,2022.01.,85
애플 에어팟 3세대 에어팟3 애플코리아 정품 맥세이프 당일출고 MME73KH/A,266000,1038,2022.02.,628
Apple 애플 에어팟프로 (MLWK3KH/A) 정품 3세대 맥세이프호환,323900,12,2022.09.,42
해외Apple 에어팟 프로,209000,74,2021.06.,406
에어팟 프로 정품 단품 왼쪽 유닛 맥세이프 개별구매,84000,270,2022.04.,103
에어팟 2세대 한쪽 오른쪽 에어팟 한쪽 이어폰 유닛 단품,82000,1116,2022.01.,458
에어팟 2세대 한쪽 왼쪽 에어팟 한쪽 이어폰 유닛 단품,79000,922,2022.01.,412
에어팟 3세대 한쪽 왼쪽 에어팟 한쪽 이어폰 유닛 단품,85900,641,2021.11.,230
에어팟 프로 2세대 한쪽 왼쪽 유닛 에어팟 왼쪽 LEFT 이어폰 단품 구매,119000,42,2022.10.,49
에어팟 3세대 한쪽 에어팟 오른쪽 3세대 이어폰 유닛 단품,79900,481,2022.01.,215
Apple 애플 에어팟 3세대 오른쪽 단품 한쪽구매 MME73KH/A A2565,80000,183,2022.10.,59
정품 에어팟 2세대 유선 본체 단품 이어폰 없음 분실 airpods 2,45000,1375,2019.08.,169
[당일출고] 애플 에어팟 프로 2세대 2022년형 MQD83KH/A 철가루방지 스티커 포함,329000,83,2022.10.,109
에어팟 프로 정품 분실 한쪽 맥세이프 오른쪽 유닛 단품 본품 개별 구매,89000,153,2022.04.,90
에어팟 2세대 본체 에어팟 본체 충전케이스 충전기 단품 구매,49900,634,2022.01.,393
해외애플 에어팟 2세대 유선 Apple Airpods 2 미국 정품 새제품,109900,61,2022.01.,238
에어팟프로 한쪽 단품 유닛 애플코리아 정품 AirPods Pro 본체,119000,391,2023.01.,185
해외애플 에어팟 프로 2세대 MQD83KH/A,215000,0,2023.01.,9
에어팟 프로 정품 분실 충전케이스 본체 맥세이프 단품 본품 개별 구매,93000,174,2022.04.,88
Apple 애플 에어팟 프로 오른쪽 단품 한쪽구매 MLWK3KH/A A2083,92000,319,2022.02.,131
에어팟 프로 한쪽 유닛 에어팟 프로 왼쪽 이어폰 단품 구매,85000,293,2022.04.,140
에어팟 3세대 본체 에어팟 본체 충전케이스 충전기 한쪽 단품 구매,68000,357,2022.01.,181
해외에어팟 AIRPODS 1세대 단품 낱개 우측 좌측 유닛 벌크 분실 한쪽구매 가능,39800,274,2020.07.,112
Apple 에어팟 프로 1세대 2021년형 맥세이프 호환 (MLWK3KH/A),253790,0,2023.01.,6
에어팟 프로 2세대 한쪽 오른쪽 유닛 에어팟 오른쪽 RIGHT 이어폰 단품 구매,109000,47,2022.10.,37
Apple 애플 에어팟 2세대 왼쪽 단품 한쪽구매 MV7N2KH/A A2031,90000,4511,2019.12.,176
해외Apple 에어팟 2세대 무선충전,158500,34,2019.04.,14
해외애플 에어팟 1세대 한쪽구매 왼쪽 오른쪽 단품 충전케이스 정품 새제품 Apple Airpods 1st Generation,58000,126,2021.10.,94
해외애플 에어팟프로 왼쪽 오른쪽 단품 한쪽 양쪽,73900,189,2022.11.,45
Apple 애플 에어팟 1세대 본체 충전기 단품 유닛미포함 MMEF2KH/A A1602,52000,47,2022.02.,50
애플 에어팟 3세대 에어팟3 애플코리아 정품 라이트닝 당일출고 MPNY3KH/A,244900,9,2022.12.,13
국내 정품 에어팟 프로 오늘출발 내일도착 우체국택배 MWP22KH/A,249900,497,2020.09.,60
애플 에어팟 3세대 라이트닝 유선 충전 MPNY3KH/A (정품),241530,10,2022.11.,7
[보상나라] 새상품 Apple Beats Studio Buds (Black),109000,3,2022.12.,6
Apple 애플 에어팟 2세대 오른쪽 단품 한쪽구매 MV7N2KH/A A2032,90000,240,2022.02.,120
애플코리아 에어팟2세대 유선충전케이스 (이어폰 미포함) 블루투스이어폰 흰색 에어팟프로 충전기(유닛미포함),95000,930,2022.04.,0
해외Apple 비츠바이닥터드레 Beats Studio Buds,115900,42,2021.07.,26
Apple 애플 에어팟 2세대 본체 충전기 단품 유닛미포함 MV7N2KH/A A1602 A1938,54000,136,2022.02.,60
애플 에어팟 유닛 단품 한쪽 왼쪽 오른쪽 이어폰 리퍼 정품,59000,6,2022.11.,7
정품 애플 에어팟 2세대 본체 에어팟 충전케이스-Airpods 2-(S클레스 Refurbish),43000,0,2022.09.,4
Apple 애플 에어팟 프로 본체 충전기 단품 유닛미포함 MWP22KH/A A2190,80000,46,2022.02.,46
애플 에어팟 2세대 MV7N2KH/A (유선충전모델),187240,56,2023.01.,0
애플 에어팟 3세대 MME73KH/A,254140,93,2022.12.,0
플랜트로닉스 Voyager 5240,168000,660,2017.04.,25
에어팟 2세대 무선 정품 한쪽 오른쪽 에어팟 한쪽 유닛 단품,80000,99,2022.08.,98
해외애플 에어팟 프로 무선 왼쪽(L) 유닛 단품 낱개 한쪽 구매,74220,19,2022.12.,2
Apple 애플 에어팟 3세대 왼쪽 단품 한쪽구매 MME73KH/A A2564,84900,182,2022.10.,74
Apple 비츠바이닥터드레 Flex 무선 이어폰,89000,338,2020.11.,83
[국내정품] 애플 에어팟 프로 2021년형 맥세이프 충전 지원,294000,423,2022.04.,1
애플 에어팟 프로 2세대 오른쪽 한쪽 단품 본체미포함 MQD83KH/A A2699,104000,18,2022.10.,17
Apple 애플 에어팟 3세대 본체 충전기 한쪽 단품 유닛미포함 MME73KH/A A2566,68000,181,2022.10.,58
해외Apple Powerbeats Pro 이어폰 블랙 MV6Y2ZP/A,418300,939,2019.08.,0
에어팟프로2021 한쪽 단품 유닛 애플코리아 정품 AirPods Pro 오른쪽,109000,172,2023.01.,129
에어팟 프로 2세대 본체 충전케이스 에어팟 본체 단품 구매,99000,32,2022.10.,59
에어팟 프로2세대 정품 단품 왼쪽 유닛 맥세이프 개별구매,102900,5,2022.11.,15
Apple 비츠바이닥터드레 Powerbeats3 Wireless,170000,30,2017.01.,11
에어팟 2세대 한쪽 유닛 오른쪽 RIGHT 이어폰 단품,80500,50,2022.02.,36
에어팟 프로 오른쪽 RIGHT 이어폰 한쪽 유닛,89200,55,2022.02.,22
해외애플 정품 에어팟 3세대 (2021),119700,1,2022.01.,47
[보상나라] 새상품 Apple Beats Fit Pro (Black),189000,0,2022.12.,2
해외애플 AirPods 2세대 오른쪽-A2032(R) 교체단품 호환 새품,55180,0,2022.11.,1
에어팟 프로2세대 분실 충전케이스 본체 맥세이프 단품 본품 개별 구매,98500,6,2022.11.,15
[하이마트] Apple 2022 에어팟 프로 2세대 MQD83KH/A (정품),352000,0,2023.01.,0
에어팟 Apple 에어팟 프로 2세대 (MQD83KH/A) 무료배송 - PA,318620,2,2023.01.,1
해외애플 에어팟 프로 1세대 맥세이프 호환 (MLWK3AM/A),129900,5,2020.02.,28
해외애플 에어팟 프로 2세대 MQD83KH/A [해외],237820,0,2023.01.,7
에어팟 2세대 애플 apple 유선 블루투스 이어폰학생선물,214900,33,2020.10.,75
애플 에어팟 프로 2세대 Select Left or Right 에어팟 or 충전 케이스,240000,0,2022.12.,5
해외애플 무결점 AirPod 1세대용 오른쪽(R)-A1523 교체단품,43610,0,2022.12.,0
해외애플 무결점 AirPods 1세대 왼쪽-A1722(L) 교체단품 호환,43610,2,2022.09.,0
2022년 최신제조품 국내정품 에어팟2세대 MV7N2KH/A 오늘출발 내일도착 우체국택배,199900,6243,2020.08.,192
국내 정품 우체국택배 오늘출발 내일도착 에어팟 프로 2022년 최신제조품 MWP22KH/A,229900,2403,2022.02.,224
[Apple 정품] 에어팟 프로 1세대 맥세이프 호환 [MLWK3KH/A],279000,1,2022.11.,4
해외애플 에어팟 2세대 유선충전 MV7N2KH/A,127600,0,2023.01.,5
블루투스 무선 이어폰 모음전 애플 아이폰 삼성 갤럭시 LG 호환 차이팟 에어 프로 팟 아이팟 2세대 3세대 4세대 오픈형 커널형,28500,549,2019.08.,119
애플 갤럭시 이어팟 차이팟 가성비 아이폰 프로 블루투스 무선 이어폰,18900,42985,2022.06.,56
Apple 에어팟 2세대 유선 충전 모델 MV7N2KH/A,235000,288,2022.10.,5
애플1세대 2세대 3세대(PRO) 에어팟 왼쪽 오른쪽 충전케이스 단품 한쪽 국내정품 당일발송,52000,110,2019.04.,57
Apple 에어팟 2세대 유선충전 모델 (MV7N2KH/A),199000,0,2023.01.,0
[대여] 애플 Apple 에어팟 프로 단기렌탈 렌트 임대 -1일,2900,0,2022.11.,3
해외애플 에어팟프로 무선 오른쪽(R) 유닛 단품 낱개 한쪽 구매,73980,15,2022.12.,1
Apple 비츠버즈 비츠바이닥터드레 스튜디오 버즈 화이트 왼쪽 단품 한쪽구매 MJ4Y3ZP/A,73000,12,2022.10.,18
맥세이프 에어팟프로 본체 충전기 개선품 한쪽 MagSafe 에어팟프로 MLWK3KH/A A2190,80000,629,2021.11.,209
정품 에어팟 프로 2세대 왼쪽 유닛 한쪽 단품 에어팟 왼쪽 본체미포함,115000,6,2022.10.,11
정품 에어팟 프로 2세대 오른쪽 유닛 한쪽 단품 에어팟 오른쪽 본체미포함,104000,9,2022.10.,11
가성비 좋은 블루투스 무선 이어폰 아이폰 애플 갤럭시 차이팟,23500,32380,2019.10.,94
애플 정품 에어팟 3세대 왼쪽 오른쪽 유닛 충전케이스 애플코리아 정품 분실 단품,103000,37,2022.05.,1
에어팟 프로 양쪽 왼쪽 오른쪽 RIGHT LEFT 이어폰 단품 유닛,179000,30,2022.06.,27
해외애플 에어팟 2세대 한쪽구매 왼쪽 오른쪽 단품 충전케이스 정품 새제품 Apple Airpods 2nd Generation,83000,0,2022.08.,2
Apple Beats Flex 무선 이어폰 플레임블루 MYMG2ZP/A,89000,70,2023.01.,0
애플 정품 에어팟 3세대 (2021),149000,0,2022.05.,2
Apple 애플 에어팟 프로 블루투스 이어폰 맥세이프 호환 Airpods Pro-(S클레스 Refurbish),229000,5,2022.06.,27
[신학기행사] Apple 에어팟 & 비츠 모음전 (선택옵션),269000,305,2022.02.,0
[애플] 국내배송 에어팟 2세대 유선충전모델 Air Pods MV72KH A - 평일 3시 이전 주문당일출고,158390,1125,2020.10.,23
에어팟 프로 왼쪽 LEFT 이어폰 단품 한쪽 유닛,82200,55,2022.02.,23
에어팟 3세대 오른쪽 RIGHT 이어폰 유닛,94500,18,2022.02.,9
애플 에어팟 프로 2세대 왼쪽 한쪽 단품 본체미포함 MQD83KH/A A2698,115000,26,2022.10.,21
해외Apple 파워비츠 프로 Powerbeats pro Wireless 인이어 프라그먼트 헤드폰 블루투스,165900,27,2022.06.,86
갤럭시 버즈라이브 분실 단품구매 유닛 이어버드,38500,650,2020.08.,138
애플 애플 에어팟 프로 3세대 MWP22KH/A 노이즈캔슬링 _RE,370400,10,2020.04.,1
APPLE 애플 에어팟프로 왼쪽 오른쪽 단품 한쪽구매 블루투스이어폰 에어팟프로 양쪽(충전기본체미포함),195070,89,2022.03.,1
[롯데백화점] 애플 에어팟 3세대 MME73KH/A LE1208653259,254140,93,2022.12.,1
애플 에어팟 정품 Apple 에어팟 시리즈 무선충전 블루투스 이어폰 코스트코,189970,89,2019.07.,63
Apple 에어팟 3세대 맥세이프 충전 케이스 모델 (MME73KH/A),239790,0,2023.01.,0
Apple Siri Remote (2세대) * MJFM3KH/A,69000,0,2022.06.,0
GI 애플 비츠바이닥터드레 Powerbeats Pro 블랙,252000,0,2022.11.,1
애플 에어팟2 왼쪽 오른쪽 단품 한쪽 에어팟본체 에어팟프로 에어팟2세대,69750,0,2022.11.,0
블루투스 무선 이어폰 아이폰 lg 애플 갤럭시 이어팟 3세대 샤오미 스포츠 운동,43500,1869,2018.06.,45
애플 에어팟2 2세대 유선충전 (옵션추가금 없음) MV7N2KH/A,173400,44,2020.02.,1
Apple 에어팟 2세대 무선 충전 모델 MRXJ2KH/A,290000,128,2022.08.,2
해외애플 AirPods Pro 왼쪽(L)-A2084 호환단품 이어폰교체 새품,71200,2,2022.12.,0
해외애플 정품 에어팟 프로 3세대 / Airpods pro,250000,0,2020.05.,21
정품 에어팟 프로 2세대 본체 충전케이스 에어팟 본체 단품 구매 이어폰미포함,93000,9,2022.10.,12
애플 국내 애플 정품 apple 에어팟 2세대 유선/MV7N2KH/A,232160,39,2019.05.,0
에어팟 프로2세대 정품 단품 오른쪽 유닛 맥세이프 개별구매,116000,4,2022.11.,13
Apple 에어팟 2세대 호환 애플코리아 Airpods 단품,171830,2,2023.01.,0
Apple 애플 에어팟 1세대 왼쪽 단품 한쪽구매 MMEF2KH/A A1722,135000,16,2019.12.,4
애플 에어팟 프로 2세대 본체 충전기 한쪽 단품 유닛미포함 MQD83KH/A A2700,94000,8,2022.10.,17
에어팟프로 한쪽 유닛 3세대 애플코리아 정품 AirPods Pro 본체 왼쪽 오른쪽 구매 - 애플,131600,9,2022.01.,11
가성비 블루투스 무선 이어폰 차이팟 아이폰 애플 갤럭시 호환,32500,30321,2022.01.,46
해외애플 AirPods Pro 왼쪽(L)-A2084 호환단품 이어폰교체 새품,71200,2,2022.09.,0
애플 에어팟 2세대 유선충전 블루투스 무선 이어폰,194000,21,2021.08.,10
[국내정식발매]에어팟2 왼쪽 오른쪽 충전케이스 개별 판매 애플 AirPods 2 당일발송,52000,12,2019.04.,6
디지토 애플 정품 에어팟 프로 2세대 2022년 당일발송+TPU 투명젤리 케이스 카라버너 키링,339500,9,2022.11.,23
해외애플 무결점 AirPods 2세대 오른쪽-A2032(R) 교체단품 호환,56540,0,2022.12.,0
애플 정품 노이즈캔슬링 에어팟 프로 MWP22KH/A,344430,31,2021.05.,0
Apple Beats Flex 무선 이어폰,113600,0,2023.01.,2
해외애플 에어팟 2세대 무선 블루투스 이어폰 (미국정품),128000,1,2019.10.,6
애플 Apple 에어팟 1세대 MV7N2KH/A,132610,1,2023.01.,0
사바트 Q12 오픈형,59000,1619,2019.12.,63
[롯데백화점] 애플 에어팟 2세대 MV7N2KH/A (유선충전모델) LE1207184752,187240,56,2023.01.,0
Apple 애플 에어팟 1세대 (MMEF2KH/A) 중고 리퍼,91080,2,2022.12.,9
애플 에어팟 프로 (1st Generation) 무선 이어폰 with 충전 케이스,211500,0,2022.12.,2
애플 정품 노이즈캔슬링 에어팟 프로 MWP22KH/A,344430,25,2021.02.,0
[애플] [Beats] 애플 비츠 2021 스튜디오 버즈 블루투스 무선 이어폰,169000,0,2022.06.,1
Apple 에어팟 무선 충전 케이스,78100,0,2022.12.,0
애플 에어팟 프로 2세대 맥세이프 충전 케이스 Replacement A2700 NEW,240000,0,2022.12.,0
애플 정품 노이즈캔슬링 에어팟 프로 MWP22KH/A,344430,21,2020.11.,0
애플 에어팟 프로 Airpods Pro 애플코리아정품 G,270810,15,2022.10.,0
"해외[미국무료] Apple 에어팟 프로 2세대 PAINTED 라일락 유광, 토탈 매트",1795220,0,2022.12.,2
애플 아이팟 2세대 Apple AirPods 2 무선 이어폰,240680,0,2022.09.,2
해외애플 에어팟 2세대 유선충전 모델,129900,0,2022.02.,6
삼성정품 갤럭시 버즈프로 분실 단품 구매 이어버드,52800,353,2021.02.,82
애플 정품 에어팟프로 22년제조 당일발송 본체케이스 맥세이프충전가능 철가루방지스티커 포함,279500,8,2022.11.,51
애플 에어팟 3세대 MME73KH/A OK,253000,8,2022.08.,7
해외애플 에어팟 맥스 블루투스 헤드폰,760000,0,2022.01.,0
[공식인증점] Apple 에어팟 프로 + 애플케어플러스(선택),269000,109,2022.12.,0
해외APPLE AirPods 애플 에어팟 무선/블루투스 이어폰,249000,15,2022.04.,0
올위버 올인원 무선충전기 삼성 애플 아이폰 갤럭시 에어팟 버즈 F5,42900,3907,2022.12.,0
해외[Apple] 애플 에어팟 맥스 AirPods Max 실버 블루투스 이어폰 관부가세 포함,680000,0,2022.03.,2
Apple 에어팟 1세대 MV7N2KH/A,149000,0,2023.01.,0
해외Apple AirPods Pro - 1세대,270000,0,2023.01.,1
Apple 애플 에어팟 1세대 오른쪽 단품 한쪽구매 MMEF2KH/A A1523,135000,0,2022.02.,2
해외Apple 에어팟 2세대 유무선충전 모델 (MV7N2KH/A),175420,8,2021.03.,0
해외애플 에어팟 프로 맥세이프 충전 2021년 가을 신상품 100% 정품,239500,23,2021.12.,1
해외Apple AirPods Pro(2세대),290000,0,2023.01.,0
애플 정품 에어팟 2세대 유선 충전 모델(MV7N2KH/A),129900,0,2022.12.,1
애플 정품 Apple 에어팟프로 2021년형 맥세이프 호환 MLWK3KH/A,270620,9,2022.12.,0
해외애플 에어팟 3세대 이어폰 미국 발송 상품,157800,2,2022.01.,16
애플 에어팟 프로 2세대 화이트 당일출고 TR,338920,9,2022.10.,0
정품 애플 에어팟프로 본체 에어팟 본체 충전케이스 맥세이프(MagSafe)호환 단품-Airpods Pro(S클레스 Refurbish),85000,6,2022.08.,6
애플 TD 정품 에어팟 2세대 본체만 (무선) (이어폰 없음),53000,1,2023.01.,0
애플 비츠바이닥터드레 파워비츠 프로 정품 블루투스이어폰 블랙,450000,12,2022.06.,0
해외애플 무결점 AirPods 1세대 왼쪽-A1722(L) 교체단품 호환,44500,0,2022.12.,0
Apple 에어팟 프로 2세대 (MQD83KH/A),298900,0,2023.01.,0
애플 정품 에어팟 2세대 무선충전,228000,0,2022.10.,4
해외애플 AirPods 2세대 왼쪽-A2031(L) 교체단품 호환 새품,55740,0,2022.11.,0
애플 애플 Airpods 2 에어팟2세대 MV7N2KH/A 유선충전,204260,0,2022.09.,0
해외애플 AirPods Pro 블루투스 이어팟 왼쪽/오른쪽 한쪽 새품,74560,0,2022.12.,1
Apple 에어팟 1세대 MV7N2KH/A,149000,0,2023.01.,0
애플 에어팟 2세대 with 충전 케이스 A2032 A2031 A1602 + Alien Emoji,267400,0,2022.12.,0
해외애플 AirPods 2세대 왼쪽-A2031(L) 교체단품 호환 새품,58340,0,2022.11.,1
해외애플 파워비츠 프로 Powerbeats Pro 무선이어폰 익스트림블루투스이어폰,276000,0,2022.10.,0
애플 Airpods 2 에어팟2세대 MV7N2KH/A 유선충전,231100,0,2022.12.,0
에어팟 2세대 유선 무선 충전 애플 에어팟2,184900,1,2020.02.,1
